"Keyword","Intent","Volume","Keyword Difficulty","CPC (USD)","SERP Features"
"rockhounding in arizona","Informational","260","23","0.41","Sitelinks, AI overview, Image, Image pack, Video, Local pack, Related searches"
"rockhounding in michigan","Informational","260","10","0.00","Sitelinks, AI overview, Image, Video, Related searches"
"rockhounding in oregon","Informational","260","14","1.59","Sitelinks, AI overview, Image, Video, Related searches"
"rockhounding in az","Informational","210","14","0.59","Sitelinks, AI overview, Image, Image pack, Video, Video Carousel, People also ask, Local pack, Related searches"
"rockhounding in utah","Informational","210","22","1.51","Sitelinks, AI overview, Image, Video, Video Carousel, People also ask, Related searches, Things to know, Ads bottom"
"rockhound state park in new mexico","Informational","170","31","0.31","Image, Video, Video Carousel, Knowledge panel, Related searches"
"rockhounding in colorado","Informational","170","9","0.56","Sitelinks, AI overview, Image, Video, Video Carousel, Related searches"
"rockhounding in georgia","Informational","170","10","0.00","Sitelinks, AI overview, Image, Image pack, Video, Video Carousel, People also ask, Related searches"
"rockhounding in idaho","Informational","170","11","0.00","Sitelinks, AI overview, Image, Image pack, Video, Video Carousel, Related searches"
"rockhounding in montana","Informational","170","6","0.00","Sitelinks, AI overview, Image, Video, Video Carousel, People also ask, Related searches"
"rockhounding in arkansas","Informational","140","7","0.00","Sitelinks, AI overview, Image, Video, Video Carousel, Short videos, Related searches"
"rockhounding in florida","Informational","140","15","0.00","Sitelinks, AI overview, Image, Video, Video Carousel, Short videos, Related searches"
"rockhounding in indiana","Informational","140","3","0.00","Sitelinks, AI overview, Image, Video, Video Carousel, Related searches"
"rockhounding in massachusetts","Informational","140","2","0.00","Sitelinks, AI overview, Image, Video, Video Carousel, People also ask, Related searches"
"rockhounding in nc","Informational","140","16","0.00","Sitelinks, AI overview, Image, Video, Video Carousel, Knowledge panel, Related searches"
"rockhounding in south dakota","Informational","140","5","0.00","Sitelinks, Image, Video, Video Carousel, People also ask, Knowledge panel, Related searches"
"rockhounding in tennessee","Informational","140","","0.00","Sitelinks, AI overview, Image, Video, Video Carousel, Related searches"
"rockhounding in virginia","Informational","140","12","0.00","Sitelinks, AI overview, Image, Video, Video Carousel, People also ask, Related searches"
"rockhounding in alabama","Informational","110","","0.00","Sitelinks, AI overview, Image, Video, Related searches"
"rockhounding in central oregon","Informational","110","8","0.00","Sitelinks, AI overview, Image, Video, Video Carousel, People also ask, Related searches"
"rockhounding in kentucky","Informational","110","24","0.00","Sitelinks, AI overview, Image, Video, People also ask, Related searches"
"rockhounding in maine","Informational","110","6","0.00","Sitelinks, AI overview, Image, Video, Video Carousel, People also ask, Knowledge panel, Related searches"
"rockhounding in missouri","Informational","110","","0.00","Sitelinks, AI overview, Image pack, Video, Video Carousel, Related searches"
"rockhounding in new hampshire","Informational","110","3","0.00","Sitelinks, AI overview, Image, Image pack, Video, Video Carousel, People also ask, Related searches"
"rockhounding in washington state","Informational","110","8","0.00","Sitelinks, AI overview, Image, Video, Video Carousel, Related searches"
"rockhounding in maryland","Informational","90","1","0.00","Sitelinks, AI overview, Image, Video, Video Carousel, Related searches"
"rockhounding in new mexico","Informational","90","17","0.33","Sitelinks, AI overview, Image, Video, Video Carousel, People also ask, Knowledge panel, Related searches"
"rockhounding in colorado springs","Informational","70","17","0.00","Sitelinks, AI overview, Image, Video, People also ask, Related searches"
"rockhounding in nevada","Informational","70","6","0.00","Sitelinks, AI overview, Image, Video, Short videos, People also ask, Related searches"
"rockhounding in north carolina","Informational","70","15","0.00","Sitelinks, AI overview, Image, Video, Knowledge panel, Related searches"
"rockhounding in san diego","Informational","70","3","0.00","Sitelinks, AI overview, Image, Video, Video Carousel, People also ask, Related searches"
"rockhounding in south carolina","Informational","70","9","0.00","Sitelinks, AI overview, Image, Video, Short videos, Related searches"
"rockhounding in vermont","Informational","70","17","0.00","Sitelinks, AI overview, Image, Image pack, Video, People also ask, Related searches"
"rockhounding in west virginia","Informational","70","12","0.00","Sitelinks, AI overview, Image, Video, Related searches"
"rockhounding in wyoming","Informational","70","3","0.00","Sitelinks, AI overview, Image, Video, Video Carousel, Related searches"
"rockhounding in alaska","Informational","50","10","0.00","Sitelinks, AI overview, Image, Video, Video Carousel, Related searches"
"rockhounding in iowa","Informational","50","","0.00","Sitelinks, AI overview, Image, Video, People also ask, Related searches"
"rockhounding in new york","Informational","50","8","0.00","Sitelinks, Image, Video, Video Carousel, People also ask, Related searches"
"rockhounding in oklahoma","Informational","50","9","0.00","Sitelinks, AI overview, Image, Video, Short videos, Related searches"
"rockhounding in pa","Informational","50","17","0.00","Sitelinks, AI overview, Image, Video, People also ask, Related searches"
"rockhounding in pennsylvania","Informational","50","8","0.00","Sitelinks, AI overview, Image, Video, Video Carousel, Related searches"
"rockhounding in texas","Informational","50","1","0.00","Sitelinks, AI overview, Image, Video, Video Carousel, People also ask, Related searches"
"rockhounding in washington","Informational","50","14","0.00","Sitelinks, AI overview, Image, Image pack, Video, Video Carousel, Related searches"
"best rockhounding in michigan","Informational, Commercial","40","9","0.00","Sitelinks, AI overview, Video, Video Carousel, People also ask, Related searches"
"rockhounding in california","Informational","40","","0.00","Sitelinks, AI overview, Image, Video, Video Carousel, Short videos, Related searches"
"rockhounding in illinois","Informational","40","20","0.00","Sitelinks, AI overview, Image, Video, Related searches"
"rockhounding in quartzsite az","Informational","40","27","0.00","Sitelinks, AI overview, Image, Video, Video Carousel, People also ask, Related searches, See results about"
"rockhounding in wisconsin","Informational","40","16","0.00","Sitelinks, Featured snippet, Image, Video, Video Carousel, People also ask, Related searches, Things to know"
"rockhounding sites in arizona","Informational","40","8","0.00","Sitelinks, AI overview, Image, Video, Video Carousel, People also ask, Local pack, Related searches"
"best rockhounding beaches in oregon","","30","","0.00",""
"rockhounding in connecticut","","30","","0.00",""
"rockhounding in ct","","30","","0.00",""
"rockhounding in minnesota","","30","","0.00",""
"rockhounding in nebraska","","30","","0.00",""
"rockhounding in ohio","","30","","0.00",""
"rockhounding in southern california","","30","","0.00",""
"rockhounding sites in utah","","30","","0.00",""
"best places for rockhounding in michigan","","20","","0.00",""
"best places to rockhound in michigan","","20","","0.00",""
"best places to rockhound in oregon","","20","","0.00",""
"best places to rockhound in the us","","20","","0.00",""
"best rockhounding beaches in lower michigan","","20","","0.00",""
"best rockhounding beaches in michigan","","20","","0.00",""
"best rockhounding beaches in the upper peninsula","","20","","0.00",""
"best rockhounding beaches in upper peninsula michigan","","20","","0.00",""
"best rockhounding in arizona","","20","","0.00",""
"best rockhounding in arkansas","","20","","0.00",""
"best rockhounding in colorado","","20","","0.00",""
"best rockhounding in new mexico","","20","","0.00",""
"best rockhounding in oregon","","20","","0.00",""
"best rockhounding in the us","","20","","0.00",""
"best rockhounding in us","","20","","0.00",""
"best rockhounding in usa","","20","","0.00",""
"best rockhounding in utah","","20","","0.00",""
"best rockhounding in washington state","","20","","0.00",""
"best rockhounding in wisconsin","","20","","0.00",""
"best rockhounding sites in arizona","","20","","0.00",""
"can you rockhound in national forest","","20","","0.00",""
"can you rockhound in national parks","","20","","0.00",""
"does rockhound die in armageddon","","20","","0.00",""
"rockhounding in","","20","","0.00",""
"rockhounding in alberta","","20","","0.00",""
"rockhounding in bancroft ontario","","20","","0.00",""
"rockhounding in bend oregon","","20","","0.00",""
"rockhounding in delaware","","20","","0.00",""
"rockhounding in door county","","20","","0.00",""
"rockhounding in germany","","20","","0.00",""
"rockhounding in hawaii","","20","","0.00",""
"rockhounding in iceland","","20","","0.00",""
"rockhounding in ireland","","20","","0.00",""
"rockhounding in jamaica","","20","","0.00",""
"rockhounding in japan","","20","","0.00",""
"rockhounding in kansas","","20","","0.00",""
"rockhounding in las vegas","","20","","0.00",""
"rockhounding in louisiana","","20","","0.00",""
"rockhounding in michigan map","","20","","0.00",""
"rockhounding in mississippi","","20","","0.00",""
"rockhounding in montana map","","20","","0.00",""
"rockhounding in new jersey","","20","","0.00",""
"rockhounding in northern california","","20","","0.00",""
"rockhounding in northern idaho","","20","","0.00",""
"rockhounding in northern nevada","","20","","0.00",""
"rockhounding in nova scotia","","20","","0.00",""
"rockhounding in ontario","","20","","0.00",""
"rockhounding in peru","","20","","0.00",""
"rockhounding in phoenix","","20","","0.00",""
"rockhounding in prescott az","","20","","0.00",""
"rockhounding in rhode island","","20","","0.00",""
"rockhounding in sedona","","20","","0.00",""
"rockhounding in southern nevada","","20","","0.00",""
"rockhounding in southern utah","","20","","0.00",""
"rockhounding in spokane wa","","20","","0.00",""
"rockhounding in the black hills","","20","","0.00",""
"rockhounding in the ozarks","","20","","0.00",""
"rockhounding in the smoky mountains","","20","","0.00",""
"rockhounding in the upper peninsula","","20","","0.00",""
"rockhounding in tucson","","20","","0.00",""
"rockhounding in utah map","","20","","0.00",""
"rockhounding sites in arkansas","","20","","0.00",""
"rockhounding sites in california","","20","","0.00",""
"rockhounding sites in kentucky","","20","","0.00",""
"rockhounding sites in montana","","20","","0.00",""
"rockhounding sites in oregon","","20","","0.00",""
"rockhounding sites in tennessee","","20","","0.00",""
"rockhounding sites in washington state","","20","","0.00",""
"rockhounding spots in new mexico","","20","","0.00",""
"where can i go rockhounding in arizona","","20","","0.00",""
"where can i go rockhounding in washington state","","20","","0.00",""
"where to go rockhounding in arizona","","20","","0.00",""
"where to rockhound in arizona","","20","","0.00",""
"where to rockhound in colorado","","20","","0.00",""
"where to rockhound in florida","","20","","0.00",""
"where to rockhound in oregon","","20","","0.00",""
"who played rockhound in armageddon","","20","","0.00",""
"a location guide for rockhounds in the united states","","10","","0.00",""
"best beaches in michigan for rockhounding","","10","","0.00",""
"best places to rockhound in nova scotia","","10","","0.00",""
"best rockhounding in upper peninsula","","10","","0.00",""
"best rockhounding in upper peninsula michigan","","10","","0.00",""
"can you rockhound in state parks","","10","","0.00",""
"free rockhounding in arkansas","","10","","0.00",""
"places to rockhound in alabama","","10","","0.00",""
"rockhounding in kalama washington","","10","","0.00",""
"rockhounding in new england","","10","","0.00",""
"rockhounding in north dakota","","10","","0.00",""
"rockhounding in northern indiana","","10","","0.00",""
"rockhounding in petoskey mi","","10","","0.00",""
"rockhounding in puerto vallarta","","10","","0.00",""
"rockhounding in upper michigan","","10","","0.00",""
"rockhounding in upper peninsula michigan","","10","","0.00",""
"rockhounding sites in south dakota","","10","","0.00",""
"rockhounding sites in southern california","","10","","0.00",""
"rockhounding trips in oregon","","10","","0.00",""
"where can you rockhound in montana","","10","","0.00",""
"where to go rockhounding in oregon","","10","","0.00",""
"where to rockhound in utah","","10","","0.00",""
"a location guide for rockhounds in usa","","0","","0.00",""
"amazing rockhounding spots in arizona","","0","","0.00",""
"best place to go rockhounding in lawton ok","","0","","0.00",""
"best place to go rockhounding in northern utah","","0","","0.00",""
"best place to go rockhounding in northern utah box elder","","0","","0.00",""
"best place to rockhound in north carolina","","0","","0.00",""
"best place to rockhound in west michigan","","0","","0.00",""
"best places for rockhounding in arkansaw","","0","","0.00",""
"best places in north carolina to rockhound","","0","","0.00",""
"best places in utah to go rockhounding","","0","","0.00",""
"best places in western oregon to rockhound","","0","","0.00",""
"best places to rockhound for turquoise in arizona","","0","","0.00",""
"best places to rockhound in alaska","","0","","0.00",""
"best places to rockhound in arizona","","0","","0.00",""
"best places to rockhound in cochise county az","","0","","0.00",""
"best places to rockhound in colorado","","0","","0.00",""
"best places to rockhound in idaho","","0","","0.00",""
"best places to rockhound in nevada","","0","","0.00",""
"best places to rockhound in northern wisconsin","","0","","0.00",""
"best places to rockhound in san diego","","0","","0.00",""
"best places to rockhound in utah","","0","","0.00",""
"best places to rockhound in washington state","","0","","0.00",""
"best places to rockhound in wisconsin","","0","","0.00",""
"best rockhound places in the us","","0","","0.00",""
"best rockhound places in the us micro mounters","","0","","0.00",""
"best rockhound places in the us micromounters of new england","","0","","0.00",""
"best rockhound sites in utah","","0","","0.00",""
"best rockhound spots in british columbia","","0","","0.00",""
"best rockhound trip in january","","0","","0.00",""
"best rockhounding beaches in bellingham wa","","0","","0.00",""
"best rockhounding beaches in wisconsin","","0","","0.00",""
"best rockhounding in california","","0","","0.00",""
"best rockhounding in february 2017","","0","","0.00",""
"best rockhounding in idaho","","0","","0.00",""
"best rockhounding in maine","","0","","0.00",""
"best rockhounding in monroe county ny","","0","","0.00",""
"best rockhounding in nm","","0","","0.00",""
"best rockhounding in north carolina","","0","","0.00",""
"best rockhounding in ontario","","0","","0.00",""
"best rockhounding in owyhee county","","0","","0.00",""
"best rockhounding in san juans colorado","","0","","0.00",""
"best rockhounding in southeast us","","0","","0.00",""
"best rockhounding in texas","","0","","0.00",""
"best rockhounding places in arizona","","0","","0.00",""
"best rockhounding places in michigan","","0","","0.00",""
"best rockhounding places in oregon","","0","","0.00",""
"best rockhounding places in the us","","0","","0.00",""
"best rockhounding places in utah","","0","","0.00",""
"best rockhounding sites in california","","0","","0.00",""
"best rockhounding sites in colorado","","0","","0.00",""
"best rockhounding sites in herkimer ny","","0","","0.00",""
"best rockhounding sites in michigan","","0","","0.00",""
"best rockhounding sites in nevada","","0","","0.00",""
"best rockhounding sites in oregon","","0","","0.00",""
"best rockhounding sites in siskiyou county","","0","","0.00",""
"best rockhounding sites in usa","","0","","0.00",""
"best rockhounding sites in utah","","0","","0.00",""
"best rockhounding spots in michigan","","0","","0.00",""
"best rockhounding trips in the us","","0","","0.00",""
"best spots for rockhounding in michigan","","0","","0.00",""
"best state and national parks in texas to rockhound","","0","","0.00",""
"best time of year to rockhound in michigan","","0","","0.00",""
"best time of year to rockhound in petoskey michigan","","0","","0.00",""
"best time to rockhounding in michigan","","0","","0.00",""
"bismuth rockhounding in australia","","0","","0.00",""
"blm rockhound areas in arizona","","0","","0.00",""
"blm rockhounding free areas in san diego","","0","","0.00",""
"blm rockhounding free areas in san diego california","","0","","0.00",""
"blm rockhounding in san diego","","0","","0.00",""
"blue grey quartz rockhounding in nevada","","0","","0.00",""
"calories in a rockhound ipa","","0","","0.00",""
"can i rockhound in tennessee","","0","","0.00",""
"can i rockhound in the manassas quarry","","0","","0.00",""
"can you dig jasper for free in rockhound state park","","0","","0.00",""
"can you rockhound in knox county kentucky","","0","","0.00",""
"can you rockhound in pikes peak","","0","","0.00",""
"company names with rockhounds in it","","0","","0.00",""
"cool rockhounding spots in utah valley","","0","","0.00",""
"crystal rockhounding in idaho","","0","","0.00",""
"deming rockhound roundup in march","","0","","0.00",""
"do you need a permit for rockhounding in indiana","","0","","0.00",""
"do you need a permit for rockhounding in michigan","","0","","0.00",""
"does idaho butte in gem county have rockhound","","0","","0.00",""
"does the soapstone prairie in colorado contain soapstone rockhounding blog","","0","","0.00",""
"download pdf gem rockhounding in colorado san juan mountains","","0","","0.00",""
"events in the southeast for rockhounds","","0","","0.00",""
"fee mining & rockhounding adventures in the west","","0","","0.00",""
"fee mining and rockhounding adventures in the west","","0","","0.00",""
"free public rockhounding in florida","","0","","0.00",""
"gen rockhounding in colorado san juan mountains","","0","","0.00",""
"gold prospecting and rockhounding in montana","","0","","0.00",""
"good places to rockhound in the uintah basin","","0","","0.00",""
"good rockhounding locations in near vancouver wa","","0","","0.00",""
"good rockhounding spots in new mexico","","0","","0.00",""
"guide to rockhounding in az","","0","","0.00",""
"hornblende tremolite ricterite mica rockhounding in ontario","","0","","0.00",""
"how to become a rockhound in kentucky","","0","","0.00",""
"how to get permission to rockhound on blm in az","","0","","0.00",""
"how to ind rockhounds in chattanooga tn","","0","","0.00",""
"how to look for gems in rockhound park","","0","","0.00",""
"how to rockhounding in oregon","","0","","0.00",""
"i'm saying company names with rockhounds in it","","0","","0.00",""
"is rockhound really smart in amageddon","","0","","0.00",""
"is rockhounding allowed on blm land in nm","","0","","0.00",""
"is there any gold in rockhound state park nm","","0","","0.00",""
"lady in white near rockhound new mexico","","0","","0.00",""
"lapidary and rockhound shops in ottawa","","0","","0.00",""
"lapidary equipment and supplies for rockhounds in tacoma wa","","0","","0.00",""
"lava rockhounding in utah","","0","","0.00",""
"location guide for rockhounds in the united states","","0","","0.00",""
"locations to rockhound in colordo","","0","","0.00",""
"malachite in montana rockhounding","","0","","0.00",""
"map for rockhounding in pa","","0","","0.00",""
"map of rockhounding in nevada","","0","","0.00",""
"maps for rockhounding in colorado","","0","","0.00",""
"permit to rockhound in state park","","0","","0.00",""
"places for rockhounds in lake tahoe","","0","","0.00",""
"places in connecticut to go rockhounding","","0","","0.00",""
"places in southern idaho to go rockhounding","","0","","0.00",""
"places to go rockhounding in riverside ca","","0","","0.00",""
"places to rockhound in arizona","","0","","0.00",""
"places to rockhound in essex county ny","","0","","0.00",""
"places to rockhound in montana on public land","","0","","0.00",""
"places to rockhound in quartzite az","","0","","0.00",""
"places to rockhound in san ramon c","","0","","0.00",""
"places to rockhound in st george utah","","0","","0.00",""
"places to rockhound in waco texas","","0","","0.00",""
"places to rockhound in washington state","","0","","0.00",""
"public locations to rockhound in colordo","","0","","0.00",""
"public rockhounding in colorado","","0","","0.00",""
"public rockhounding in wyoming","","0","","0.00",""
"public rockhounding sites in iowa","","0","","0.00",""
"quartz crystal rockhounding in ouachita mts","","0","","0.00",""
"rockhound atv rentals in cascade co","","0","","0.00",""
"rockhound barstow: mineral collecting in the mojave desert","","0","","0.00",""
"rockhound brewery in madison got robbed","","0","","0.00",""
"rockhound brewing break in","","0","","0.00",""
"rockhound clubs in colorado","","0","","0.00",""
"rockhound clubs in indiana","","0","","0.00",""
"rockhound clubs in jonesboro ar","","0","","0.00",""
"rockhound clubs in texas","","0","","0.00",""
"rockhound equipment in bellingham","","0","","0.00",""
"rockhound for sale in pa","","0","","0.00",""
"rockhound forum in oregon","","0","","0.00",""
"rockhound groups in colorado","","0","","0.00",""
"rockhound in al","","0","","0.00",""
"rockhound in america","","0","","0.00",""
"rockhound in burro creek","","0","","0.00",""
"rockhound in colorado","","0","","0.00",""
"rockhound in ct","","0","","0.00",""
"rockhound in florida","","0","","0.00",""
"rockhound jasper in lake county ca","","0","","0.00",""
"rockhound license where in the world is carmen sandiego","","0","","0.00",""
"rockhound meaning in english","","0","","0.00",""
"rockhound meaning in hindi","","0","","0.00",""
"rockhound mining in san diego county","","0","","0.00",""
"rockhound museum in boise idaho","","0","","0.00",""
"rockhound park in new mexico","","0","","0.00",""
"rockhound placesfor children in idaho","","0","","0.00",""
"rockhound shop in nebraska","","0","","0.00",""
"rockhound sites in arizona","","0","","0.00",""
"rockhound sites in california","","0","","0.00",""
"rockhound spots in alaska","","0","","0.00",""
"rockhound state park in deming new mexico","","0","","0.00",""
"rockhound tours in california","","0","","0.00",""
"rockhound vacation tours in california","","0","","0.00",""
"rockhounding along i-80 in nevada","","0","","0.00",""
"rockhounding along i80 in nevada","","0","","0.00",""
"rockhounding along i94 in montana","","0","","0.00",""
"rockhounding amber in colorado","","0","","0.00",""
"rockhounding and hiking vacation spots in tennessee","","0","","0.00",""
"rockhounding areas in arizona","","0","","0.00",""
"rockhounding areas in new mexico","","0","","0.00",""
"rockhounding areas in utah","","0","","0.00",""
"rockhounding california for minerals only found in cali","","0","","0.00",""
"rockhounding club in vancouver wa","","0","","0.00",""
"rockhounding clubs in idaho","","0","","0.00",""
"rockhounding clubs in oregon","","0","","0.00",""
"rockhounding clubs in st george utah","","0","","0.00",""
"rockhounding clubs in virginia","","0","","0.00",""
"rockhounding clubs in washington","","0","","0.00",""
"rockhounding colorado crystal hunting in colorado","","0","","0.00",""
"rockhounding colorado where to find minerals in colorado","","0","","0.00",""
"rockhounding field trips in new mexico","","0","","0.00",""
"rockhounding for agate in colorado springs","","0","","0.00",""
"rockhounding for apache tears in southern arizona","","0","","0.00",""
"rockhounding for children in lake havasu","","0","","0.00",""
"rockhounding for obsidian in arizona","","0","","0.00",""
"rockhounding for peridot in arizona","","0","","0.00",""
"rockhounding for turquoise in arizona","","0","","0.00",""
"rockhounding for white aragonite in louisiana","","0","","0.00",""
"rockhounding for white aragonite in the state of louisiana","","0","","0.00",""
"rockhounding free areas in san diego california","","0","","0.00",""
"rockhounding gravel roads in arkansas","","0","","0.00",""
"rockhounding groups in reno nv","","0","","0.00",""
"rockhounding guide in colorado","","0","","0.00",""
"rockhounding highway cuts in nc","","0","","0.00",""
"rockhounding how to find azurite how in nature","","0","","0.00",""
"rockhounding in acton ca","","0","","0.00",""
"rockhounding in adirondacks","","0","","0.00",""
"rockhounding in alameda county","","0","","0.00",""
"rockhounding in argentina","","0","","0.00",""
"rockhounding in arizona the ultimate guide","","0","","0.00",""
"rockhounding in arkansas tools and how to use them","","0","","0.00",""
"rockhounding in artesia nm","","0","","0.00",""
"rockhounding in asheville nc","","0","","0.00",""
"rockhounding in austin texas","","0","","0.00",""
"rockhounding in austria","","0","","0.00",""
"rockhounding in bahamas","","0","","0.00",""
"rockhounding in baja california","","0","","0.00",""
"rockhounding in baker california","","0","","0.00",""
"rockhounding in bc canada","","0","","0.00",""
"rockhounding in belize","","0","","0.00",""
"rockhounding in big bear","","0","","0.00",""
"rockhounding in big sur","","0","","0.00",""
"rockhounding in biggs jct","","0","","0.00",""
"rockhounding in bisbee az","","0","","0.00",""
"rockhounding in bismarck north dakota","","0","","0.00",""
"rockhounding in black hills south dakota","","0","","0.00",""
"rockhounding in bonneville county","","0","","0.00",""
"rockhounding in box elder utah","","0","","0.00",""
"rockhounding in brantford ontario","","0","","0.00",""
"rockhounding in brown county indiana","","0","","0.00",""
"rockhounding in california central coast","","0","","0.00",""
"rockhounding in canada","","0","","0.00",""
"rockhounding in casper wyoming","","0","","0.00",""
"rockhounding in caves in ontario","","0","","0.00",""
"rockhounding in central california","","0","","0.00",""
"rockhounding in central pa","","0","","0.00",""
"rockhounding in central texas","","0","","0.00",""
"rockhounding in cheticamp ns","","0","","0.00",""
"rockhounding in cheyenne wyoming","","0","","0.00",""
"rockhounding in cochise county az","","0","","0.00",""
"rockhounding in connecticut videos","","0","","0.00",""
"rockhounding in contact nevada","","0","","0.00",""
"rockhounding in copper basin az","","0","","0.00",""
"rockhounding in costa rica","","0","","0.00",""
"rockhounding in cow canyon ca","","0","","0.00",""
"rockhounding in creede colorado","","0","","0.00",""
"rockhounding in delta county colorado","","0","","0.00",""
"rockhounding in delta utah","","0","","0.00",""
"rockhounding in denmark","","0","","0.00",""
"rockhounding in detroit lakes mn","","0","","0.00",""
"rockhounding in devils head","","0","","0.00",""
"rockhounding in door county wi","","0","","0.00",""
"rockhounding in dry zone","","0","","0.00",""
"rockhounding in east tennessee","","0","","0.00",""
"rockhounding in east texas","","0","","0.00",""
"rockhounding in eastern montana","","0","","0.00",""
"rockhounding in eastern nc","","0","","0.00",""
"rockhounding in eastern pa","","0","","0.00",""
"rockhounding in eastern tennessee","","0","","0.00",""
"rockhounding in eastern utah","","0","","0.00",""
"rockhounding in eastern washington","","0","","0.00",""
"rockhounding in ecuador","","0","","0.00",""
"rockhounding in evanston wyoming","","0","","0.00",""
"rockhounding in fallon nevada","","0","","0.00",""
"rockhounding in fischer canyon oregon","","0","","0.00",""
"rockhounding in france","","0","","0.00",""
"rockhounding in franklin mountains","","0","","0.00",""
"rockhounding in fresno ca","","0","","0.00",""
"rockhounding in game guide","","0","","0.00",""
"rockhounding in georgetown co","","0","","0.00",""
"rockhounding in glacier national park","","0","","0.00",""
"rockhounding in globe arizona","","0","","0.00",""
"rockhounding in grand junction co","","0","","0.00",""
"rockhounding in grant county","","0","","0.00",""
"rockhounding in grant county wa","","0","","0.00",""
"rockhounding in grant county washington","","0","","0.00",""
"rockhounding in greece","","0","","0.00",""
"rockhounding in greenwater","","0","","0.00",""
"rockhounding in hawthorne nv","","0","","0.00",""
"rockhounding in helvetia","","0","","0.00",""
"rockhounding in hinkley","","0","","0.00",""
"rockhounding in honduras","","0","","0.00",""
"rockhounding in hot springs arkansas","","0","","0.00",""
"rockhounding in houston","","0","","0.00",""
"rockhounding in huntsville al","","0","","0.00",""
"rockhounding in hurricane utah","","0","","0.00",""
"rockhounding in idaho falls","","0","","0.00",""
"rockhounding in idaho in the winter","","0","","0.00",""
"rockhounding in idaho map","","0","","0.00",""
"rockhounding in idaho springs co","","0","","0.00",""
"rockhounding in independence oregon","","0","","0.00",""
"rockhounding in india","","0","","0.00",""
"rockhounding in inyokern ca","","0","","0.00",""
"rockhounding in italy","","0","","0.00",""
"rockhounding in japan site amp.reddit.com","","0","","0.00",""
"rockhounding in john nday oregon","","0","","0.00",""
"rockhounding in joshua tree","","0","","0.00",""
"rockhounding in juneau alaska","","0","","0.00",""
"rockhounding in kanab utah","","0","","0.00",""
"rockhounding in killeen texas","","0","","0.00",""
"rockhounding in king county wa","","0","","0.00",""
"rockhounding in kingman az","","0","","0.00",""
"rockhounding in kisatchie","","0","","0.00",""
"rockhounding in kitsap county","","0","","0.00",""
"rockhounding in ko pa","","0","","0.00",""
"rockhounding in ks","","0","","0.00",""
"rockhounding in la pine","","0","","0.00",""
"rockhounding in la pine oregon","","0","","0.00",""
"rockhounding in lafayette ga","","0","","0.00",""
"rockhounding in lake county","","0","","0.00",""
"rockhounding in lake havasu","","0","","0.00",""
"rockhounding in las vegas nevada","","0","","0.00",""
"rockhounding in latah county","","0","","0.00",""
"rockhounding in lawton ok","","0","","0.00",""
"rockhounding in lawtonka lake","","0","","0.00",""
"rockhounding in llano texas","","0","","0.00",""
"rockhounding in locust nc","","0","","0.00",""
"rockhounding in logan","","0","","0.00",""
"rockhounding in logan utah","","0","","0.00",""
"rockhounding in los angeles","","0","","0.00",""
"rockhounding in lower michigan","","0","","0.00",""
"rockhounding in madras oregon","","0","","0.00",""
"rockhounding in maine for barite tremolite tourmaline and calcite","","0","","0.00",""
"rockhounding in marathon county wi","","0","","0.00",""
"rockhounding in maricopa county","","0","","0.00",""
"rockhounding in mason texas","","0","","0.00",""
"rockhounding in maui","","0","","0.00",""
"rockhounding in medford oregon","","0","","0.00",""
"rockhounding in mesa county colorado","","0","","0.00",""
"rockhounding in mexico","","0","","0.00",""
"rockhounding in missouri national forests","","0","","0.00",""
"rockhounding in moab","","0","","0.00",""
"rockhounding in moab utah","","0","","0.00",""
"rockhounding in mohave county arizona","","0","","0.00",""
"rockhounding in mojave","","0","","0.00",""
"rockhounding in mono county","","0","","0.00",""
"rockhounding in monroe co michigan","","0","","0.00",""
"rockhounding in monroe ut","","0","","0.00",""
"rockhounding in national forests","","0","","0.00",""
"rockhounding in national parks","","0","","0.00",""
"rockhounding in nc mountains","","0","","0.00",""
"rockhounding in nevada near las vegas","","0","","0.00",""
"rockhounding in new mexico book","","0","","0.00",""
"rockhounding in new mexico map","","0","","0.00",""
"rockhounding in newfoundland","","0","","0.00",""
"rockhounding in newry maine","","0","","0.00",""
"rockhounding in nh","","0","","0.00",""
"rockhounding in nine mile canyon","","0","","0.00",""
"rockhounding in nj","","0","","0.00",""
"rockhounding in north east south dakota","","0","","0.00",""
"rockhounding in north georgia","","0","","0.00",""
"rockhounding in north idaho","","0","","0.00",""
"rockhounding in north queensland","","0","","0.00",""
"rockhounding in northeast oregon","","0","","0.00",""
"rockhounding in northern arizona","","0","","0.00",""
"rockhounding in northern co","","0","","0.00",""
"rockhounding in northern minnesota","","0","","0.00",""
"rockhounding in northern new mexico","","0","","0.00",""
"rockhounding in northern utah","","0","","0.00",""
"rockhounding in northern virginia","","0","","0.00",""
"rockhounding in northern wisconsin","","0","","0.00",""
"rockhounding in northwest arkansas","","0","","0.00",""
"rockhounding in northwest colorado","","0","","0.00",""
"rockhounding in northwest georgia","","0","","0.00",""
"rockhounding in norway","","0","","0.00",""
"rockhounding in november","","0","","0.00",""
"rockhounding in ohio and pennslyvanjia","","0","","0.00",""
"rockhounding in ontario canada","","0","","0.00",""
"rockhounding in ontario caves","","0","","0.00",""
"rockhounding in orange county","","0","","0.00",""
"rockhounding in orange county ca","","0","","0.00",""
"rockhounding in oregon book","","0","","0.00",""
"rockhounding in oregon coast","","0","","0.00",""
"rockhounding in oregon colton","","0","","0.00",""
"rockhounding in oregon map","","0","","0.00",""
"rockhounding in oregon st","","0","","0.00",""
"rockhounding in oregon where to go","","0","","0.00",""
"rockhounding in oregon willamette","","0","","0.00",""
"rockhounding in orlando","","0","","0.00",""
"rockhounding in otero county nm","","0","","0.00",""
"rockhounding in ozarks ar","","0","","0.00",""
"rockhounding in pacoima ca","","0","","0.00",""
"rockhounding in park county colorado","","0","","0.00",""
"rockhounding in parker az","","0","","0.00",""
"rockhounding in parks","","0","","0.00",""
"rockhounding in parrsboro nova scotia","","0","","0.00",""
"rockhounding in payson arizona","","0","","0.00",""
"rockhounding in pierce county washington","","0","","0.00",""
"rockhounding in pittsburgh pa","","0","","0.00",""
"rockhounding in placer county ca","","0","","0.00",""
"rockhounding in port townsend","","0","","0.00",""
"rockhounding in portland ore area","","0","","0.00",""
"rockhounding in portugal","","0","","0.00",""
"rockhounding in prineville oregon","","0","","0.00",""
"rockhounding in prospect oregon","","0","","0.00",""
"rockhounding in quartzsite arizona","","0","","0.00",""
"rockhounding in red river nm","","0","","0.00",""
"rockhounding in red rock canyon","","0","","0.00",""
"rockhounding in reno nevada","","0","","0.00",""
"rockhounding in ri","","0","","0.00",""
"rockhounding in ridgecrest ca","","0","","0.00",""
"rockhounding in sacramento","","0","","0.00",""
"rockhounding in saint paul mn","","0","","0.00",""
"rockhounding in salida colorado","","0","","0.00",""
"rockhounding in san antonio texas","","0","","0.00",""
"rockhounding in san francisco","","0","","0.00",""
"rockhounding in sand and gravel","","0","","0.00",""
"rockhounding in sandersville ga","","0","","0.00",""
"rockhounding in sandy utah","","0","","0.00",""
"rockhounding in santa fe","","0","","0.00",""
"rockhounding in santa lucia county","","0","","0.00",""
"rockhounding in scotland","","0","","0.00",""
"rockhounding in sd","","0","","0.00",""
"rockhounding in shasta county","","0","","0.00",""
"rockhounding in shoshoni wyoming","","0","","0.00",""
"rockhounding in show low az","","0","","0.00",""
"rockhounding in silver city new mexico","","0","","0.00",""
"rockhounding in silverton colorado","","0","","0.00",""
"rockhounding in siskiyou county","","0","","0.00",""
"rockhounding in sonoma county","","0","","0.00",""
"rockhounding in sonoma county ca","","0","","0.00",""
"rockhounding in sonora ca","","0","","0.00",""
"rockhounding in south africa","","0","","0.00",""
"rockhounding in south haven mi","","0","","0.00",""
"rockhounding in south new jersey","","0","","0.00",""
"rockhounding in south utah","","0","","0.00",""
"rockhounding in southeast texas","","0","","0.00",""
"rockhounding in souther california","","0","","0.00",""
"rockhounding in southern arizona","","0","","0.00",""
"rockhounding in southern british columbia","","0","","0.00",""
"rockhounding in southern ca","","0","","0.00",""
"rockhounding in southern idaho","","0","","0.00",""
"rockhounding in southern illinois","","0","","0.00",""
"rockhounding in southern indiana","","0","","0.00",""
"rockhounding in southern michigan","","0","","0.00",""
"rockhounding in southern new mexico","","0","","0.00",""
"rockhounding in southern ontario","","0","","0.00",""
"rockhounding in southern oregon","","0","","0.00",""
"rockhounding in southern oregon opals","","0","","0.00",""
"rockhounding in southwest colorado","","0","","0.00",""
"rockhounding in southwest idaho","","0","","0.00",""
"rockhounding in southwest washington","","0","","0.00",""
"rockhounding in spain","","0","","0.00",""
"rockhounding in st david az","","0","","0.00",""
"rockhounding in st lawrence county new york","","0","","0.00",""
"rockhounding in st peters village","","0","","0.00",""
"rockhounding in state parks","","0","","0.00",""
"rockhounding in steamboat springs","","0","","0.00",""
"rockhounding in stewart virginia","","0","","0.00",""
"rockhounding in sugarite canyon state park","","0","","0.00",""
"rockhounding in sunland ca","","0","","0.00",""
"rockhounding in superior arizona","","0","","0.00",""
"rockhounding in texas canyon az","","0","","0.00",""
"rockhounding in the bahamas","","0","","0.00",""
"rockhounding in the bay area","","0","","0.00",""
"rockhounding in the henry mountains of utah","","0","","0.00",""
"rockhounding in the indian wells valley ca","","0","","0.00",""
"rockhounding in the kootenays","","0","","0.00",""
"rockhounding in the midwest","","0","","0.00",""
"rockhounding in the mojave desert","","0","","0.00",""
"rockhounding in the pacific northwest","","0","","0.00",""
"rockhounding in the robledos","","0","","0.00",""
"rockhounding in the rockies","","0","","0.00",""
"rockhounding in the silverbell mine area","","0","","0.00",""
"rockhounding in the south","","0","","0.00",""
"rockhounding in the south east usa","","0","","0.00",""
"rockhounding in the u.s virgin islands","","0","","0.00",""
"rockhounding in the uk","","0","","0.00",""
"rockhounding in the united kingdom","","0","","0.00",""
"rockhounding in the united states","","0","","0.00",""
"rockhounding in the us","","0","","0.00",""
"rockhounding in the west","","0","","0.00",""
"rockhounding in thunderbay ontario","","0","","0.00",""
"rockhounding in tje dona ana mountains","","0","","0.00",""
"rockhounding in tooele utah","","0","","0.00",""
"rockhounding in tucson az","","0","","0.00",""
"rockhounding in turkey","","0","","0.00",""
"rockhounding in twin falls idaho","","0","","0.00",""
"rockhounding in upstate ny","","0","","0.00",""
"rockhounding in utah county","","0","","0.00",""
"rockhounding in utah nevada border","","0","","0.00",""
"rockhounding in vegas","","0","","0.00",""
"rockhounding in virginia beach","","0","","0.00",""
"rockhounding in walker pass area","","0","","0.00",""
"rockhounding in wallkill ny","","0","","0.00",""
"rockhounding in wayne county utah","","0","","0.00",""
"rockhounding in west texas","","0","","0.00",""
"rockhounding in western colorado","","0","","0.00",""
"rockhounding in western montana","","0","","0.00",""
"rockhounding in western utah","","0","","0.00",""
"rockhounding in western washington","","0","","0.00",""
"rockhounding in white tank mountains","","0","","0.00",""
"rockhounding in wi","","0","","0.00",""
"rockhounding in wickenburg az","","0","","0.00",""
"rockhounding in wilderness areas","","0","","0.00",""
"rockhounding in williams az","","0","","0.00",""
"rockhounding in zion national park","","0","","0.00",""
"rockhounding ivingston parish in st tammany parish","","0","","0.00",""
"rockhounding jade in daly city","","0","","0.00",""
"rockhounding locations in alberta","","0","","0.00",""
"rockhounding locations in arizona","","0","","0.00",""
"rockhounding locations in colorado","","0","","0.00",""
"rockhounding locations in iowa","","0","","0.00",""
"rockhounding locations in sd","","0","","0.00",""
"rockhounding locations in utah","","0","","0.00",""
"rockhounding locations in washington state","","0","","0.00",""
"rockhounding mine vacation in colorado","","0","","0.00",""
"rockhounding minerals in ontario","","0","","0.00",""
"rockhounding obsidian in bass lake ca","","0","","0.00",""
"rockhounding obsidian in new mexico","","0","","0.00",""
"rockhounding off i-80 in nevada","","0","","0.00",""
"rockhounding on public land in western montana","","0","","0.00",""
"rockhounding on state road 220 in wyoming","","0","","0.00",""
"rockhounding on the beaches in bahamas islands","","0","","0.00",""
"rockhounding peridot in arizona","","0","","0.00",""
"rockhounding places in iowa","","0","","0.00",""
"rockhounding places in iowa site forum.rocktumblinghobby.com","","0","","0.00",""
"rockhounding places in texas","","0","","0.00",""
"rockhounding quarts in oregon","","0","","0.00",""
"rockhounding regulations in oregon","","0","","0.00",""
"rockhounding rules in nm","","0","","0.00",""
"rockhounding shovel in store medford oregon","","0","","0.00",""
"rockhounding site in southwest us","","0","","0.00",""
"rockhounding sites in coalinga ca","","0","","0.00",""
"rockhounding sites in hungary","","0","","0.00",""
"rockhounding sites in idaho","","0","","0.00",""
"rockhounding sites in illinois","","0","","0.00",""
"rockhounding sites in magdalena","","0","","0.00",""
"rockhounding sites in missouri","","0","","0.00",""
"rockhounding sites in missouri site www.reddit.com","","0","","0.00",""
"rockhounding sites in nevada","","0","","0.00",""
"rockhounding sites in north carolina","","0","","0.00",""
"rockhounding sites in oklahoma","","0","","0.00",""
"rockhounding sites in southern maine","","0","","0.00",""
"rockhounding sites in southern nevada","","0","","0.00",""
"rockhounding sites in virginia close to me","","0","","0.00",""
"rockhounding sites in wyoming","","0","","0.00",""
"rockhounding spots in idaho","","0","","0.00",""
"rockhounding spots in michigan","","0","","0.00",""
"rockhounding spots in utah","","0","","0.00",""
"rockhounding the san andreas fault in palmdale","","0","","0.00",""
"rockhounding tips in colorado","","0","","0.00",""
"rockhounding trips in arizona","","0","","0.00",""
"rockhounding trips in colorado","","0","","0.00",""
"rockhounding trips in utah","","0","","0.00",""
"rockhounding trips in washington","","0","","0.00",""
"rockhounding turquoise in arizona","","0","","0.00",""
"rockhounding turquoise in new mexico","","0","","0.00",""
"rockhounding up in kelly canyon","","0","","0.00",""
"rockhounding up in kelly canyon idaho","","0","","0.00",""
"rockhounding vacation in colorado","","0","","0.00",""
"rockhounding valuable rocks found in alabama","","0","","0.00",""
"rockhounding variscite in utah","","0","","0.00",""
"rockhounds in az","","0","","0.00",""
"rockhounds in corpus christe tx","","0","","0.00",""
"rockhounds in pocatello","","0","","0.00",""
"rockhounds in st george utah","","0","","0.00",""
"rocks in black hills rockhound area","","0","","0.00",""
"rules for rockhounding in missouri","","0","","0.00",""
"secret rockhounding location in oregon","","0","","0.00",""
"state parks in alabama rockhounding laws","","0","","0.00",""
"sunstone rockhounding locations in oregon","","0","","0.00",""
"tennessee rockhounds in chattanooga tn","","0","","0.00",""
"tips for rockhounding in keewanaw","","0","","0.00",""
"what is plr in rockhounding","","0","","0.00",""
"what rocks are found in rockhound state park","","0","","0.00",""
"what to do in portland connecticut rockhounding","","0","","0.00",""
"when is 2018 rockhound festival in prineville oregon","","0","","0.00",""
"where can i rockhound in north florida","","0","","0.00",""
"where do you go rockhounding in pala california","","0","","0.00",""
"where do you go rockhounding in pala california for free","","0","","0.00",""
"where in arizona is it legal to rockhound","","0","","0.00",""
"where is the best place to go rockhounding in arizona","","0","","0.00",""
"where to buy rockhounding maps in portland","","0","","0.00",""
"where to go rockhounding in bullhead city","","0","","0.00",""
"where to go rockhounding in gloucester virginia","","0","","0.00",""
"where to go rockhounding in idaho","","0","","0.00",""
"where to go rockhounding in portland connecticut","","0","","0.00",""
"where to go rockhounding in ridgecrest california on public land","","0","","0.00",""
"where to rockhound blue gray quartz in nevada","","0","","0.00",""
"where to rockhound in arkansas","","0","","0.00",""
"where to rockhound in california","","0","","0.00",""
"where to rockhound in illinois","","0","","0.00",""
"where to rockhound in las vegas","","0","","0.00",""
"where to rockhound in michigan","","0","","0.00",""
"where to rockhound in mineral mountains az","","0","","0.00",""
"where to rockhound in north houston","","0","","0.00",""
"where to rockhound in tennessee","","0","","0.00",""
"where to rockhound in texas","","0","","0.00",""
"where to rockhound in the badlands of south dakota","","0","","0.00",""
"where to rockhound in va","","0","","0.00",""
"where to rockhound in washington state","","0","","0.00",""
"where to rockhound in wisconsin","","0","","0.00",""
"who is rockhound in armageddon","","0","","0.00",""
"y names with rockhounds in it","","0","","0.00",""
"youtube rockhounding in the uk","","0","","0.00",""